[
  {
    "CCSDS_OMM_VERS": "2.0",
    "COMMENT": "GENERATED VIA SPACE-TRACK.ORG API",
    "CREATION_DATE": "2024-08-15T23:16:18",
    "ORIGINATOR": "18 SPCS",
    "OBJECT_NAME": "ONEWEB-0355",
    "OBJECT_ID": "2021-083AJ",
    "CENTER_NAME": "EARTH",
    "REF_FRAME": "TEME",
    "TIME_SYSTEM": "UTC",
    "MEAN_ELEMENT_THEORY": "SGP4",
    "EPOCH": "2024-08-15T22:05:30.237504",
    "MEAN_MOTION": "13.13470594",
    "ECCENTRICITY": "0.00016760",
    "INCLINATION": "87.8886",
    "RA_OF_ASC_NODE": "93.6498",
    "ARG_OF_PERICENTER": "84.7123",
    "MEAN_ANOMALY": "275.4198",
    "EPHEMERIS_TYPE": "0",
    "CLASSIFICATION_TYPE": "U",
    "NORAD_CAT_ID": "49218",
    "ELEMENT_SET_NO": "999",
    "REV_AT_EPOCH": "14421",
    "BSTAR": "0.00090339000000",
    "MEAN_MOTION_DOT": "0.00000343",
    "MEAN_MOTION_DDOT": "0.0000000000000",
    "SEMIMAJOR_AXIS": "7587.900",
    "PERIOD": "109.633",
    "APOAPSIS": "1211.037",
    "PERIAPSIS": "1208.493",
    "OBJECT_TYPE": "PAYLOAD",
    "RCS_SIZE": "LARGE",
    "COUNTRY_CODE": "UK",
    "LAUNCH_DATE": "2021-09-14",
    "SITE": "TTMTR",
    "DECAY_DATE": null,
    "FILE": "4437999",
    "GP_ID": "265276197",
    "TLE_LINE0": "0 ONEWEB-0355",
    "TLE_LINE1": "1 49218U 21083AJ  24228.92048886  .00000343  00000-0  90339-3 0  9998",
    "TLE_LINE2": "2 49218  87.8886  93.6498 0001676  84.7123 275.4198 13.13470594144210"
  },
  {
    "CCSDS_OMM_VERS": "2.0",
    "COMMENT": "GENERATED VIA SPACE-TRACK.ORG API",
    "CREATION_DATE": "2024-08-15T17:21:54",
    "ORIGINATOR": "18 SPCS",
    "OBJECT_NAME": "ONEWEB-0355",
    "OBJECT_ID": "2021-083AJ",
    "CENTER_NAME": "EARTH",
    "REF_FRAME": "TEME",
    "TIME_SYSTEM": "UTC",
    "MEAN_ELEMENT_THEORY": "SGP4",
    "EPOCH": "2024-08-15T09:17:38.037120",
    "MEAN_MOTION": "13.13470920",
    "ECCENTRICITY": "0.00016940",
    "INCLINATION": "87.8886",
    "RA_OF_ASC_NODE": "93.7562",
    "ARG_OF_PERICENTER": "84.8509",
    "MEAN_ANOMALY": "275.2813",
    "EPHEMERIS_TYPE": "0",
    "CLASSIFICATION_TYPE": "U",
    "NORAD_CAT_ID": "49218",
    "ELEMENT_SET_NO": "999",
    "REV_AT_EPOCH": "14284",
    "BSTAR": "0.00097995000000",
    "MEAN_MOTION_DOT": "0.00000371",
    "MEAN_MOTION_DDOT": "0.0000000000000",
    "SEMIMAJOR_AXIS": "7587.899",
    "PERIOD": "109.633",
    "APOAPSIS": "1211.049",
    "PERIAPSIS": "1208.478",
    "OBJECT_TYPE": "PAYLOAD",
    "RCS_SIZE": "LARGE",
    "COUNTRY_CODE": "UK",
    "LAUNCH_DATE": "2021-09-14",
    "SITE": "TTMTR",
    "DECAY_DATE": null,
    "FILE": "4437176",
    "GP_ID": "265249316",
    "TLE_LINE0": "0 ONEWEB-0355",
    "TLE_LINE1": "1 49218U 21083AJ  24228.38724580  .00000371  00000-0  97995-3 0  9996",
    "TLE_LINE2": "2 49218  87.8886  93.7562 0001694  84.8509 275.2813 13.13470920142844"
  },
  {
    "CCSDS_OMM_VERS": "2.0",
    "COMMENT": "GENERATED VIA SPACE-TRACK.ORG API",
    "CREATION_DATE": "2024-08-15T03:14:58",
    "ORIGINATOR": "18 SPCS",
    "OBJECT_NAME": "ONEWEB-0355",
    "OBJECT_ID": "2021-083AJ",
    "CENTER_NAME": "EARTH",
    "REF_FRAME": "TEME",
    "TIME_SYSTEM": "UTC",
    "MEAN_ELEMENT_THEORY": "SGP4",
    "EPOCH": "2024-08-14T22:19:27.581376",
    "MEAN_MOTION": "13.13470816",
    "ECCENTRICITY": "0.00017120",
    "INCLINATION": "87.8887",
    "RA_OF_ASC_NODE": "93.8475",
    "ARG_OF_PERICENTER": "84.9058",
    "MEAN_ANOMALY": "275.2266",
    "EPHEMERIS_TYPE": "0",
    "CLASSIFICATION_TYPE": "U",
    "NORAD_CAT_ID": "49218",
    "ELEMENT_SET_NO": "999",
    "REV_AT_EPOCH": "14278",
    "BSTAR": "0.00103620000000",
    "MEAN_MOTION_DOT": "0.00000391",
    "MEAN_MOTION_DDOT": "0.0000000000000",
    "SEMIMAJOR_AXIS": "7587.899",
    "PERIOD": "109.633",
    "APOAPSIS": "1211.063",
    "PERIAPSIS": "1208.465",
    "OBJECT_TYPE": "PAYLOAD",
    "RCS_SIZE": "LARGE",
    "COUNTRY_CODE": "UK",
    "LAUNCH_DATE": "2021-09-14",
    "SITE": "TTMTR",
    "DECAY_DATE": null,
    "FILE": "4436629",
    "GP_ID": "265206500",
    "TLE_LINE0": "0 ONEWEB-0355",
    "TLE_LINE1": "1 49218U 21083AJ  24227.93018034  .00000391  00000-0  10362-2 0  9990",
    "TLE_LINE2": "2 49218  87.8887  93.8475 0001712  84.9058 275.2266 13.13470816142789"
  },
  {
    "CCSDS_OMM_VERS": "2.0",
    "COMMENT": "GENERATED VIA SPACE-TRACK.ORG API",
    "CREATION_DATE": "2024-08-14T20:57:54",
    "ORIGINATOR": "18 SPCS",
    "OBJECT_NAME": "ONEWEB-0355",
    "OBJECT_ID": "2021-083AJ",
    "CENTER_NAME": "EARTH",
    "REF_FRAME": "TEME",
    "TIME_SYSTEM": "UTC",
    "MEAN_ELEMENT_THEORY": "SGP4",
    "EPOCH": "2024-08-14T15:00:40.608864",
    "MEAN_MOTION": "13.13470777",
    "ECCENTRICITY": "0.00017200",
    "INCLINATION": "87.8887",
    "RA_OF_ASC_NODE": "93.9084",
    "ARG_OF_PERICENTER": "84.5053",
    "MEAN_ANOMALY": "275.6272",
    "EPHEMERIS_TYPE": "0",
    "CLASSIFICATION_TYPE": "U",
    "NORAD_CAT_ID": "49218",
    "ELEMENT_SET_NO": "999",
    "REV_AT_EPOCH": "14274",
    "BSTAR": "0.00098353000000",
    "MEAN_MOTION_DOT": "0.00000372",
    "MEAN_MOTION_DDOT": "0.0000000000000",
    "SEMIMAJOR_AXIS": "7587.899",
    "PERIOD": "109.633",
    "APOAPSIS": "1211.070",
    "PERIAPSIS": "1208.459",
    "OBJECT_TYPE": "PAYLOAD",
    "RCS_SIZE": "LARGE",
    "COUNTRY_CODE": "UK",
    "LAUNCH_DATE": "2021-09-14",
    "SITE": "TTMTR",
    "DECAY_DATE": null,
    "FILE": "4436169",
    "GP_ID": "265167962",
    "TLE_LINE0": "0 ONEWEB-0355",
    "TLE_LINE1": "1 49218U 21083AJ  24227.62547001  .00000372  00000-0  98353-3 0  9993",
    "TLE_LINE2": "2 49218  87.8887  93.9084 0001720  84.5053 275.6272 13.13470777142749"
  },
  {
    "CCSDS_OMM_VERS": "2.0",
    "COMMENT": "GENERATED VIA SPACE-TRACK.ORG API",
    "CREATION_DATE": "2024-08-14T14:56:33",
    "ORIGINATOR": "18 SPCS",
    "OBJECT_NAME": "ONEWEB-0355",
    "OBJECT_ID": "2021-083AJ",
    "CENTER_NAME": "EARTH",
    "REF_FRAME": "TEME",
    "TIME_SYSTEM": "UTC",
    "MEAN_ELEMENT_THEORY": "SGP4",
    "EPOCH": "2024-08-14T13:10:58.869408",
    "MEAN_MOTION": "13.13470521",
    "ECCENTRICITY": "0.00017110",
    "INCLINATION": "87.8888",
    "RA_OF_ASC_NODE": "93.9236",
    "ARG_OF_PERICENTER": "84.5304",
    "MEAN_ANOMALY": "275.6020",
    "EPHEMERIS_TYPE": "0",
    "CLASSIFICATION_TYPE": "U",
    "NORAD_CAT_ID": "49218",
    "ELEMENT_SET_NO": "999",
    "REV_AT_EPOCH": "14403",
    "BSTAR": "0.00106190000000",
    "MEAN_MOTION_DOT": "0.00000401",
    "MEAN_MOTION_DDOT": "0.0000000000000",
    "SEMIMAJOR_AXIS": "7587.900",
    "PERIOD": "109.633",
    "APOAPSIS": "1211.064",
    "PERIAPSIS": "1208.467",
    "OBJECT_TYPE": "PAYLOAD",
    "RCS_SIZE": "LARGE",
    "COUNTRY_CODE": "UK",
    "LAUNCH_DATE": "2021-09-14",
    "SITE": "TTMTR",
    "DECAY_DATE": null,
    "FILE": "4436021",
    "GP_ID": "265144579",
    "TLE_LINE0": "0 ONEWEB-0355",
    "TLE_LINE1": "1 49218U 21083AJ  24227.54929247  .00000401  00000-0  10619-2 0  9991",
    "TLE_LINE2": "2 49218  87.8888  93.9236 0001711  84.5304 275.6020 13.13470521144030"
  },
  {
    "CCSDS_OMM_VERS": "2.0",
    "COMMENT": "GENERATED VIA SPACE-TRACK.ORG API",
    "CREATION_DATE": "2024-08-14T02:27:42",
    "ORIGINATOR": "18 SPCS",
    "OBJECT_NAME": "ONEWEB-0355",
    "OBJECT_ID": "2021-083AJ",
    "CENTER_NAME": "EARTH",
    "REF_FRAME": "TEME",
    "TIME_SYSTEM": "UTC",
    "MEAN_ELEMENT_THEORY": "SGP4",
    "EPOCH": "2024-08-13T20:43:43.147776",
    "MEAN_MOTION": "13.13470393",
    "ECCENTRICITY": "0.00017130",
    "INCLINATION": "87.8889",
    "RA_OF_ASC_NODE": "94.0605",
    "ARG_OF_PERICENTER": "84.4178",
    "MEAN_ANOMALY": "275.7146",
    "EPHEMERIS_TYPE": "0",
    "CLASSIFICATION_TYPE": "U",
    "NORAD_CAT_ID": "49218",
    "ELEMENT_SET_NO": "999",
    "REV_AT_EPOCH": "14264",
    "BSTAR": "0.00079478000000",
    "MEAN_MOTION_DOT": "0.00000303",
    "MEAN_MOTION_DDOT": "0.0000000000000",
    "SEMIMAJOR_AXIS": "7587.901",
    "PERIOD": "109.633",
    "APOAPSIS": "1211.066",
    "PERIAPSIS": "1208.466",
    "OBJECT_TYPE": "PAYLOAD",
    "RCS_SIZE": "LARGE",
    "COUNTRY_CODE": "UK",
    "LAUNCH_DATE": "2021-09-14",
    "SITE": "TTMTR",
    "DECAY_DATE": null,
    "FILE": "4434793",
    "GP_ID": "265106769",
    "TLE_LINE0": "0 ONEWEB-0355",
    "TLE_LINE1": "1 49218U 21083AJ  24226.86369384  .00000303  00000-0  79478-3 0  9995",
    "TLE_LINE2": "2 49218  87.8889  94.0605 0001713  84.4178 275.7146 13.13470393142645"
  },
  {
    "CCSDS_OMM_VERS": "2.0",
    "COMMENT": "GENERATED VIA SPACE-TRACK.ORG API",
    "CREATION_DATE": "2024-08-13T17:37:23",
    "ORIGINATOR": "18 SPCS",
    "OBJECT_NAME": "ONEWEB-0355",
    "OBJECT_ID": "2021-083AJ",
    "CENTER_NAME": "EARTH",
    "REF_FRAME": "TEME",
    "TIME_SYSTEM": "UTC",
    "MEAN_ELEMENT_THEORY": "SGP4",
    "EPOCH": "2024-08-13T07:55:50.906784",
    "MEAN_MOTION": "13.13469931",
    "ECCENTRICITY": "0.00016980",
    "INCLINATION": "87.8890",
    "RA_OF_ASC_NODE": "94.1669",
    "ARG_OF_PERICENTER": "83.9111",
    "MEAN_ANOMALY": "276.2211",
    "EPHEMERIS_TYPE": "0",
    "CLASSIFICATION_TYPE": "U",
    "NORAD_CAT_ID": "49218",
    "ELEMENT_SET_NO": "999",
    "REV_AT_EPOCH": "14257",
    "BSTAR": "0.00070351000000",
    "MEAN_MOTION_DOT": "0.00000270",
    "MEAN_MOTION_DDOT": "0.0000000000000",
    "SEMIMAJOR_AXIS": "7587.903",
    "PERIOD": "109.633",
    "APOAPSIS": "1211.056",
    "PERIAPSIS": "1208.479",
    "OBJECT_TYPE": "PAYLOAD",
    "RCS_SIZE": "LARGE",
    "COUNTRY_CODE": "UK",
    "LAUNCH_DATE": "2021-09-14",
    "SITE": "TTMTR",
    "DECAY_DATE": null,
    "FILE": "4434080",
    "GP_ID": "265061600",
    "TLE_LINE0": "0 ONEWEB-0355",
    "TLE_LINE1": "1 49218U 21083AJ  24226.33045031  .00000270  00000-0  70351-3 0  9991",
    "TLE_LINE2": "2 49218  87.8890  94.1669 0001698  83.9111 276.2211 13.13469931142578"
  },
  {
    "CCSDS_OMM_VERS": "2.0",
    "COMMENT": "GENERATED VIA SPACE-TRACK.ORG API",
    "CREATION_DATE": "2024-08-13T07:16:17",
    "ORIGINATOR": "18 SPCS",
    "OBJECT_NAME": "ONEWEB-0355",
    "OBJECT_ID": "2021-083AJ",
    "CENTER_NAME": "EARTH",
    "REF_FRAME": "TEME",
    "TIME_SYSTEM": "UTC",
    "MEAN_ELEMENT_THEORY": "SGP4",
    "EPOCH": "2024-08-13T04:16:27.384672",
    "MEAN_MOTION": "13.13470095",
    "ECCENTRICITY": "0.00016920",
    "INCLINATION": "87.8890",
    "RA_OF_ASC_NODE": "94.1973",
    "ARG_OF_PERICENTER": "83.7496",
    "MEAN_ANOMALY": "276.3826",
    "EPHEMERIS_TYPE": "0",
    "CLASSIFICATION_TYPE": "U",
    "NORAD_CAT_ID": "49218",
    "ELEMENT_SET_NO": "999",
    "REV_AT_EPOCH": "14385",
    "BSTAR": "0.00070849000000",
    "MEAN_MOTION_DOT": "0.00000271",
    "MEAN_MOTION_DDOT": "0.0000000000000",
    "SEMIMAJOR_AXIS": "7587.902",
    "PERIOD": "109.633",
    "APOAPSIS": "1211.051",
    "PERIAPSIS": "1208.483",
    "OBJECT_TYPE": "PAYLOAD",
    "RCS_SIZE": "LARGE",
    "COUNTRY_CODE": "UK",
    "LAUNCH_DATE": "2021-09-14",
    "SITE": "TTMTR",
    "DECAY_DATE": null,
    "FILE": "4432677",
    "GP_ID": "265006816",
    "TLE_LINE0": "0 ONEWEB-0355",
    "TLE_LINE1": "1 49218U 21083AJ  24226.17809473  .00000271  00000-0  70849-3 0  9994",
    "TLE_LINE2": "2 49218  87.8890  94.1973 0001692  83.7496 276.3826 13.13470095143852"
  },
  {
    "CCSDS_OMM_VERS": "2.0",
    "COMMENT": "GENERATED VIA SPACE-TRACK.ORG API",
    "CREATION_DATE": "2024-08-13T03:58:27",
    "ORIGINATOR": "18 SPCS",
    "OBJECT_NAME": "ONEWEB-0355",
    "OBJECT_ID": "2021-083AJ",
    "CENTER_NAME": "EARTH",
    "REF_FRAME": "TEME",
    "TIME_SYSTEM": "UTC",
    "MEAN_ELEMENT_THEORY": "SGP4",
    "EPOCH": "2024-08-12T20:57:40.356000",
    "MEAN_MOTION": "13.13470397",
    "ECCENTRICITY": "0.00016770",
    "INCLINATION": "87.8893",
    "RA_OF_ASC_NODE": "94.2581",
    "ARG_OF_PERICENTER": "83.6666",
    "MEAN_ANOMALY": "276.4654",
    "EPHEMERIS_TYPE": "0",
    "CLASSIFICATION_TYPE": "U",
    "NORAD_CAT_ID": "49218",
    "ELEMENT_SET_NO": "999",
    "REV_AT_EPOCH": "14251",
    "BSTAR": "0.00059073000000",
    "MEAN_MOTION_DOT": "0.00000228",
    "MEAN_MOTION_DDOT": "0.0000000000000",
    "SEMIMAJOR_AXIS": "7587.901",
    "PERIOD": "109.633",
    "APOAPSIS": "1211.038",
    "PERIAPSIS": "1208.493",
    "OBJECT_TYPE": "PAYLOAD",
    "RCS_SIZE": "LARGE",
    "COUNTRY_CODE": "UK",
    "LAUNCH_DATE": "2021-09-14",
    "SITE": "TTMTR",
    "DECAY_DATE": null,
    "FILE": "4432249",
    "GP_ID": "264987311",
    "TLE_LINE0": "0 ONEWEB-0355",
    "TLE_LINE1": "1 49218U 21083AJ  24225.87338375  .00000228  00000-0  59073-3 0  9996",
    "TLE_LINE2": "2 49218  87.8893  94.2581 0001677  83.6666 276.4654 13.13470397142519"
  },
  {
    "CCSDS_OMM_VERS": "2.0",
    "COMMENT": "GENERATED VIA SPACE-TRACK.ORG API",
    "CREATION_DATE": "2024-08-12T17:41:48",
    "ORIGINATOR": "18 SPCS",
    "OBJECT_NAME": "ONEWEB-0355",
    "OBJECT_ID": "2021-083AJ",
    "CENTER_NAME": "EARTH",
    "REF_FRAME": "TEME",
    "TIME_SYSTEM": "UTC",
    "MEAN_ELEMENT_THEORY": "SGP4",
    "EPOCH": "2024-08-12T13:38:53.445696",
    "MEAN_MOTION": "13.13469200",
    "ECCENTRICITY": "0.00016680",
    "INCLINATION": "87.8892",
    "RA_OF_ASC_NODE": "94.3189",
    "ARG_OF_PERICENTER": "83.4556",
    "MEAN_ANOMALY": "276.6763",
    "EPHEMERIS_TYPE": "0",
    "CLASSIFICATION_TYPE": "U",
    "NORAD_CAT_ID": "49218",
    "ELEMENT_SET_NO": "999",
    "REV_AT_EPOCH": "14247",
    "BSTAR": "0.00005153500000",
    "MEAN_MOTION_DOT": "0.00000032",
    "MEAN_MOTION_DDOT": "0.0000000000000",
    "SEMIMAJOR_AXIS": "7587.905",
    "PERIOD": "109.633",
    "APOAPSIS": "1211.036",
    "PERIAPSIS": "1208.505",
    "OBJECT_TYPE": "PAYLOAD",
    "RCS_SIZE": "LARGE",
    "COUNTRY_CODE": "UK",
    "LAUNCH_DATE": "2021-09-14",
    "SITE": "TTMTR",
    "DECAY_DATE": null,
    "FILE": "4431433",
    "GP_ID": "264939812",
    "TLE_LINE0": "0 ONEWEB-0355",
    "TLE_LINE1": "1 49218U 21083AJ  24225.56867414  .00000032  00000-0  51535-4 0  9992",
    "TLE_LINE2": "2 49218  87.8892  94.3189 0001668  83.4556 276.6763 13.13469200142478"
  }
]